Bandleader,Orchestra,Date,Title,Genre,Singer,Label,Medium,Composer, Author,Arranger,Grouping,Pianist,Bassist,Bandoneons,Strings
Rodolfo Biagi ,Rodolfo Biagi ,8/22/1927,Cruz Diablo,Tango,Instrumental ,Victor,78rpm,Rodolfo Biagi,,,27 / Solo ,Rodolfo Biagi,,,
Rodolfo Biagi ,Rodolfo Biagi ,8/22/1927,El Carretón,Estilo,Instrumental ,Victor,78rpm,José Servidio,,,27 / Solo ,Rodolfo Biagi,,,
Rodolfo Biagi ,Rodolfo Biagi y su Orquesta Típica,8/15/1938,Gólgota,Tango,Teófilo Ibáñez,Odeon,78rpm,Rodolfo Biagi,Francisco Gorrindo,,"38-43 / Ibanez, Falgas, Ortiz, Lago ",Rodolfo Biagi,Donato Calabrese,"Alfredo Attadia, Miguel Bonano, Ricardo Pedevilla","Marcos Larrosa, Claudio Gonzalez, Oscar de la Fuente"
Rodolfo Biagi ,Rodolfo Biagi y su Orquesta Típica,8/15/1938,El Incendio,Tango,Instrumental,Odeon,78rpm,Arturo Bassi,,,"38-43 / Ibanez, Falgas, Ortiz, Lago ",Rodolfo Biagi,Donato Calabrese,"Alfredo Attadia, Miguel Bonano, Ricardo Pedevilla","Marcos Larrosa, Claudio Gonzalez, Oscar de la Fuente"
Rodolfo Biagi ,Rodolfo Biagi y su Orquesta Típica,10/17/1938,Unión Cívica,Tango,Instrumental,Odeon,78rpm,Domingo Cruz,,,"38-43 / Ibanez, Falgas, Ortiz, Lago ",Rodolfo Biagi,Donato Calabrese,"Alfredo Attadia, Miguel Bonano, Ricardo Pedevilla","Marcos Larrosa, Claudio Gonzalez, Oscar de la Fuente"
Rodolfo Biagi ,Rodolfo Biagi y su Orquesta Típica,10/17/1938,Viejo Portón,Vals,Teófilo Ibáñez,Odeon,78rpm,Héctor Palacios,Máximo Orsi,,"38-43 / Ibanez, Falgas, Ortiz, Lago ",Rodolfo Biagi,Donato Calabrese,"Alfredo Attadia, Miguel Bonano, Ricardo Pedevilla","Marcos Larrosa, Claudio Gonzalez, Oscar de la Fuente"
Rodolfo Biagi ,Rodolfo Biagi y su Orquesta Típica,11/15/1938,El 13 ,Tango,Instrumental,Odeon,78rpm,Alberico Spátola,Ángel Villoldo,,"38-43 / Ibanez, Falgas, Ortiz, Lago ",Rodolfo Biagi,Donato Calabrese,"Alfredo Attadia, Miguel Bonano, Ricardo Pedevilla","Marcos Larrosa, Claudio Gonzalez, Oscar de la Fuente"
Rodolfo Biagi ,Rodolfo Biagi y su Orquesta Típica,11/15/1938,Loca De Amor,Vals,Teófilo Ibáñez,Odeon,78rpm,Enrique Caviglia,Ricardo Podestá,,"38-43 / Ibanez, Falgas, Ortiz, Lago ",Rodolfo Biagi,Donato Calabrese,"Alfredo Attadia, Miguel Bonano, Ricardo Pedevilla","Marcos Larrosa, Claudio Gonzalez, Oscar de la Fuente"
Rodolfo Biagi ,Rodolfo Biagi y su Orquesta Típica,12/2/1938,Una Pena,Tango,Teófilo Ibáñez,Odeon,78rpm,Adolfo Rosquellas,Arturo Albert,,"38-43 / Ibanez, Falgas, Ortiz, Lago ",Rodolfo Biagi,Donato Calabrese,"Alfredo Attadia, Miguel Bonano, Ricardo Pedevilla","Marcos Larrosa, Claudio Gonzalez, Oscar de la Fuente"
Rodolfo Biagi ,Rodolfo Biagi y su Orquesta Típica,12/2/1938,Lejos De Ti,Vals,Teófilo Ibáñez,Odeon,78rpm,Mauricio Saiovich,Manuel Meaños,,"38-43 / Ibanez, Falgas, Ortiz, Lago ",Rodolfo Biagi,Donato Calabrese,"Alfredo Attadia, Miguel Bonano, Ricardo Pedevilla","Marcos Larrosa, Claudio Gonzalez, Oscar de la Fuente"
Rodolfo Biagi ,Rodolfo Biagi y su Orquesta Típica,3/24/1939,La Maleva,Tango,Instrumental,Odeon,78rpm,Antonio Buglione,Mario Pardo,,"38-43 / Ibanez, Falgas, Ortiz, Lago ",Rodolfo Biagi,Donato Calabrese,"Alfredo Attadia, Miguel Bonano, Ricardo Pedevilla","Marcos Larrosa, Claudio Gonzalez, Oscar de la Fuente"
Rodolfo Biagi ,Rodolfo Biagi y su Orquesta Típica,3/24/1939,Alma De Bohemio,Tango,Teófilo Ibáñez,Odeon,78rpm,Roberto Firpo,Juan Caruso,,"38-43 / Ibanez, Falgas, Ortiz, Lago ",Rodolfo Biagi,Donato Calabrese,"Alfredo Attadia, Miguel Bonano, Ricardo Pedevilla","Marcos Larrosa, Claudio Gonzalez, Oscar de la Fuente"
Rodolfo Biagi ,Rodolfo Biagi y su Orquesta Típica,4/27/1939,Campo Afuera,Milonga,Teófilo Ibáñez,Odeon,78rpm,Rodolfo Biagi,Homero Manzi,,"38-43 / Ibanez, Falgas, Ortiz, Lago ",Rodolfo Biagi,Donato Calabrese,"Alfredo Attadia, Miguel Bonano, Ricardo Pedevilla","Marcos Larrosa, Claudio Gonzalez, Oscar de la Fuente"
Rodolfo Biagi ,Rodolfo Biagi y su Orquesta Típica,4/27/1939,La Novena,Tango,Teófilo Ibáñez,Odeon,78rpm,Miguel Bonano,Alfredo Bigeschi,,"38-43 / Ibanez, Falgas, Ortiz, Lago ",Rodolfo Biagi,Donato Calabrese,"Alfredo Attadia, Miguel Bonano, Ricardo Pedevilla","Marcos Larrosa, Claudio Gonzalez, Oscar de la Fuente"
Rodolfo Biagi ,Rodolfo Biagi y su Orquesta Típica,7/13/1939,Pura Clase,Tango,Instrumental,Odeon,78rpm,Adolfo Rosquellas,,,"38-43 / Ibanez, Falgas, Ortiz, Lago ",Rodolfo Biagi,Donato Calabrese,"Alfredo Attadia, Miguel Bonano, Ricardo Pedevilla","Marcos Larrosa, Claudio Gonzalez, Oscar de la Fuente"
Rodolfo Biagi ,Rodolfo Biagi y su Orquesta Típica,7/13/1939,Dichas Que Viví,Vals,Andrés Falgás,Odeon,78rpm,José Lupi,Luis Lupi,,"38-43 / Ibanez, Falgas, Ortiz, Lago ",Rodolfo Biagi,Donato Calabrese,"Alfredo Attadia, Miguel Bonano, Ricardo Pedevilla","Marcos Larrosa, Claudio Gonzalez, Oscar de la Fuente"
Rodolfo Biagi ,Rodolfo Biagi y su Orquesta Típica,9/18/1939,El Rápido,Tango,Instrumental,Odeon,78rpm,Roberto Firpo,,,"38-43 / Ibanez, Falgas, Ortiz, Lago ",Rodolfo Biagi,Donato Calabrese,"Alfredo Attadia, Miguel Bonano, Ricardo Pedevilla","Marcos Larrosa, Claudio Gonzalez, Oscar de la Fuente"
Rodolfo Biagi ,Rodolfo Biagi y su Orquesta Típica,9/18/1939,¡Cielo!,Tango,Andrés Falgás,Odeon,78rpm,Andrés Falgás,Mario Landi,,"38-43 / Ibanez, Falgas, Ortiz, Lago ",Rodolfo Biagi,Donato Calabrese,"Alfredo Attadia, Miguel Bonano, Ricardo Pedevilla","Marcos Larrosa, Claudio Gonzalez, Oscar de la Fuente"
Rodolfo Biagi ,Rodolfo Biagi y su Orquesta Típica,9/22/1939,Son Cosas Del Bandoneón,Tango,Andrés Falgás,Odeon,78rpm,Enrique Rodríguez,Enrique Cadícamo,,"38-43 / Ibanez, Falgas, Ortiz, Lago ",Rodolfo Biagi,Donato Calabrese,"Alfredo Attadia, Miguel Bonano, Ricardo Pedevilla","Marcos Larrosa, Claudio Gonzalez, Oscar de la Fuente"
Rodolfo Biagi ,Rodolfo Biagi y su Orquesta Típica,9/22/1939,Déjame Amarte Aunque Sea Un Día,Vals,Andrés Falgás,Odeon,78rpm,Ernestina Lecuona,Venancio Clauso,,"38-43 / Ibanez, Falgas, Ortiz, Lago ",Rodolfo Biagi,Donato Calabrese,"Alfredo Attadia, Miguel Bonano, Ricardo Pedevilla","Marcos Larrosa, Claudio Gonzalez, Oscar de la Fuente"
Rodolfo Biagi ,Rodolfo Biagi y su Orquesta Típica,10/26/1939,Griseta,Tango,Andrés Falgás,Odeon,78rpm,Enrique Delfino,José Castillo,,"38-43 / Ibanez, Falgas, Ortiz, Lago ",Rodolfo Biagi,Donato Calabrese,"Alfredo Attadia, Miguel Bonano, Ricardo Pedevilla","Marcos Larrosa, Claudio Gonzalez, Oscar de la Fuente"
Rodolfo Biagi ,Rodolfo Biagi y su Orquesta Típica,10/26/1939,Queja Indiana,Tango,Andrés Falgás,Odeon,78rpm,Juan Rodríguez,Juan Velich,,"38-43 / Ibanez, Falgas, Ortiz, Lago ",Rodolfo Biagi,Donato Calabrese,"Alfredo Attadia, Miguel Bonano, Ricardo Pedevilla","Marcos Larrosa, Claudio Gonzalez, Oscar de la Fuente"
Rodolfo Biagi ,Rodolfo Biagi y su Orquesta Típica,3/14/1940,Deja El Mundo Como Está,Tango,Andrés Falgás,Odeon,78rpm,Rodolfo Biagi,Rodolfo Sciammarella,,"38-43 / Ibanez, Falgas, Ortiz, Lago ",Rodolfo Biagi,Donato Calabrese,"Alfredo Attadia, Miguel Bonano, Ricardo Pedevilla","Marcos Larrosa, Claudio Gonzalez, Oscar de la Fuente"
Rodolfo Biagi ,Rodolfo Biagi y su Orquesta Típica,3/14/1940,La Chacarera,Tango,Andrés Falgás,Odeon,78rpm,Juan Servidio,Juan Caruso,,"38-43 / Ibanez, Falgas, Ortiz, Lago ",Rodolfo Biagi,Donato Calabrese,"Alfredo Attadia, Miguel Bonano, Ricardo Pedevilla","Marcos Larrosa, Claudio Gonzalez, Oscar de la Fuente"
Rodolfo Biagi ,Rodolfo Biagi y su Orquesta Típica,3/27/1940,Cicatrices,Tango,Andrés Falgás,Odeon,78rpm,Adolfo Avilés,Enrique Maroni,,"38-43 / Ibanez, Falgas, Ortiz, Lago ",Rodolfo Biagi,Donato Calabrese,"Alfredo Attadia, Miguel Bonano, Ricardo Pedevilla","Marcos Larrosa, Claudio Gonzalez, Oscar de la Fuente"
Rodolfo Biagi ,Rodolfo Biagi y su Orquesta Típica,3/27/1940,El Último Adiós,Vals,Andrés Falgás,Odeon,78rpm,Juan Santini,Nicolás Trimani,,"38-43 / Ibanez, Falgas, Ortiz, Lago ",Rodolfo Biagi,Donato Calabrese,"Alfredo Attadia, Miguel Bonano, Ricardo Pedevilla","Marcos Larrosa, Claudio Gonzalez, Oscar de la Fuente"
Rodolfo Biagi ,Rodolfo Biagi y su Orquesta Típica,4/12/1940,El Estribo,Tango,Instrumental,Odeon,78rpm,Vicente Greco,,,"38-43 / Ibanez, Falgas, Ortiz, Lago ",Rodolfo Biagi,Donato Calabrese,"Alfredo Attadia, Miguel Bonano, Ricardo Pedevilla","Marcos Larrosa, Claudio Gonzalez, Oscar de la Fuente"
Rodolfo Biagi ,Rodolfo Biagi y su Orquesta Típica,4/12/1940,A Mí No Me Interesa,Tango,Andrés Falgás,Odeon,78rpm,Marcos Larrosa,Alfredo Defilpo,,"38-43 / Ibanez, Falgas, Ortiz, Lago ",Rodolfo Biagi,Donato Calabrese,"Alfredo Attadia, Miguel Bonano, Ricardo Pedevilla","Marcos Larrosa, Claudio Gonzalez, Oscar de la Fuente"
Rodolfo Biagi ,Rodolfo Biagi y su Orquesta Típica,6/19/1940,Todo Te Nombra,Tango,Jorge Ortiz,Odeon,78rpm,Francisco Canaro,Ivo Pelay,,"38-43 / Ibanez, Falgas, Ortiz, Lago ",Rodolfo Biagi,Donato Calabrese,"Alfredo Attadia, Miguel Bonano, Ricardo Pedevilla","Marcos Larrosa, Claudio Gonzalez, Oscar de la Fuente"
Rodolfo Biagi ,Rodolfo Biagi y su Orquesta Típica,6/19/1940,El Yaguarón,Tango,Instrumental,Odeon,78rpm,Cipriano Nava,,,"38-43 / Ibanez, Falgas, Ortiz, Lago ",Rodolfo Biagi,Donato Calabrese,"Alfredo Attadia, Miguel Bonano, Ricardo Pedevilla","Marcos Larrosa, Claudio Gonzalez, Oscar de la Fuente"
Rodolfo Biagi ,Rodolfo Biagi y su Orquesta Típica,6/28/1940,Cantando Se Van Las Penas,Milonga,Jorge Ortiz,Odeon,78rpm,Roberto Lurati,Roberto Lurati,,"38-43 / Ibanez, Falgas, Ortiz, Lago ",Rodolfo Biagi,Donato Calabrese,"Alfredo Attadia, Miguel Bonano, Ricardo Pedevilla","Marcos Larrosa, Claudio Gonzalez, Oscar de la Fuente"
Rodolfo Biagi ,Rodolfo Biagi y su Orquesta Típica,6/28/1940,¡Pinta Orillera!,Tango,Jorge Ortiz,Odeon,78rpm,Antonio Arcieri,David Ortiz,,"38-43 / Ibanez, Falgas, Ortiz, Lago ",Rodolfo Biagi,Donato Calabrese,"Alfredo Attadia, Miguel Bonano, Ricardo Pedevilla","Marcos Larrosa, Claudio Gonzalez, Oscar de la Fuente"
Rodolfo Biagi ,Rodolfo Biagi y su Orquesta Típica,7/16/1940,Quiero Verte Una Vez Más,Tango,Jorge Ortiz,Odeon,78rpm,Mario Canaro,José Contursi,,"38-43 / Ibanez, Falgas, Ortiz, Lago ",Rodolfo Biagi,Donato Calabrese,"Alfredo Attadia, Miguel Bonano, Ricardo Pedevilla","Marcos Larrosa, Claudio Gonzalez, Oscar de la Fuente"
Rodolfo Biagi ,Rodolfo Biagi y su Orquesta Típica,7/16/1940,Guapo Y Varón,Tango,Jorge Ortiz,Odeon,78rpm,Enrique Delfino,Manuel Romero,,"38-43 / Ibanez, Falgas, Ortiz, Lago ",Rodolfo Biagi,Donato Calabrese,"Alfredo Attadia, Miguel Bonano, Ricardo Pedevilla","Marcos Larrosa, Claudio Gonzalez, Oscar de la Fuente"
Rodolfo Biagi ,Rodolfo Biagi y su Orquesta Típica,10/4/1940,Callecita De Mi Barrio,Tango,Jorge Ortiz,Odeon,78rpm,Alberto Laporte; Otelo Gasparini,Enrique Maroni,,"38-43 / Ibanez, Falgas, Ortiz, Lago ",Rodolfo Biagi,Donato Calabrese,"Alfredo Attadia, Miguel Bonano, Ricardo Pedevilla","Marcos Larrosa, Claudio Gonzalez, Oscar de la Fuente"
Rodolfo Biagi ,Rodolfo Biagi y su Orquesta Típica,10/4/1940,Por Un Beso De Amor,Vals,Jorge Ortiz,Odeon,78rpm,Doménico Ravasini; Umberto Bertin,Doménico Ravasini; Umberto Bertini,,"38-43 / Ibanez, Falgas, Ortiz, Lago ",Rodolfo Biagi,Donato Calabrese,"Alfredo Attadia, Miguel Bonano, Ricardo Pedevilla","Marcos Larrosa, Claudio Gonzalez, Oscar de la Fuente"
Rodolfo Biagi ,Rodolfo Biagi y su Orquesta Típica,10/15/1940,Misa De Once,Tango,Jorge Ortiz,Odeon,78rpm,Juan Guichandut,Armando Tagini,,"38-43 / Ibanez, Falgas, Ortiz, Lago ",Rodolfo Biagi,Donato Calabrese,"Alfredo Attadia, Miguel Bonano, Ricardo Pedevilla","Marcos Larrosa, Claudio Gonzalez, Oscar de la Fuente"
Rodolfo Biagi ,Rodolfo Biagi y su Orquesta Típica,10/15/1940,¡Marcas...!,Tango,Jorge Ortiz,Odeon,78rpm,Héctor Artola,Carlos Bahr,,"38-43 / Ibanez, Falgas, Ortiz, Lago ",Rodolfo Biagi,Donato Calabrese,"Alfredo Attadia, Miguel Bonano, Ricardo Pedevilla","Marcos Larrosa, Claudio Gonzalez, Oscar de la Fuente"
Rodolfo Biagi ,Rodolfo Biagi y su Orquesta Típica,12/17/1940,No Le Digas Que La Quiero,Tango,Jorge Ortiz,Odeon,78rpm,Enrique Delfino,Alberto Vaccarezza,,"38-43 / Ibanez, Falgas, Ortiz, Lago ",Rodolfo Biagi,Donato Calabrese,"Alfredo Attadia, Miguel Bonano, Ricardo Pedevilla","Marcos Larrosa, Claudio Gonzalez, Oscar de la Fuente"
Rodolfo Biagi ,Rodolfo Biagi y su Orquesta Típica,12/17/1940,La Marca De Fuego,Tango,Instrumental,Odeon,78rpm,Juan Maglio,,,"38-43 / Ibanez, Falgas, Ortiz, Lago ",Rodolfo Biagi,Donato Calabrese,"Alfredo Attadia, Miguel Bonano, Ricardo Pedevilla","Marcos Larrosa, Claudio Gonzalez, Oscar de la Fuente"
Rodolfo Biagi ,Rodolfo Biagi y su Orquesta Típica,12/26/1940,Yo También,Tango,Jorge Ortiz,Odeon,78rpm,Luis Visca,Luis Rubistein,,"38-43 / Ibanez, Falgas, Ortiz, Lago ",Rodolfo Biagi,Donato Calabrese,"Alfredo Attadia, Miguel Bonano, Ricardo Pedevilla","Marcos Larrosa, Claudio Gonzalez, Oscar de la Fuente"
Rodolfo Biagi ,Rodolfo Biagi y su Orquesta Típica,12/26/1940,Re Fa Si,Tango,Instrumental,Odeon,78rpm,Enrique Delfino,,,"38-43 / Ibanez, Falgas, Ortiz, Lago ",Rodolfo Biagi,Donato Calabrese,"Alfredo Attadia, Miguel Bonano, Ricardo Pedevilla","Marcos Larrosa, Claudio Gonzalez, Oscar de la Fuente"
Rodolfo Biagi ,Rodolfo Biagi y su Orquesta Típica,1/14/1941,Pájaro Ciego,Tango,Jorge Ortiz,Odeon,78rpm,Antonio Bonavena,Lito Bayardo,,"38-43 / Ibanez, Falgas, Ortiz, Lago ",Rodolfo Biagi,Donato Calabrese,"Alfredo Attadia, Miguel Bonano, Ricardo Pedevilla","Marcos Larrosa, Claudio Gonzalez, Oscar de la Fuente"
Rodolfo Biagi ,Rodolfo Biagi y su Orquesta Típica,1/14/1941,El Entrerriano,Tango,Instrumental,Odeon,78rpm,Rosendo Mendizábal,,,"38-43 / Ibanez, Falgas, Ortiz, Lago ",Rodolfo Biagi,Donato Calabrese,"Alfredo Attadia, Miguel Bonano, Ricardo Pedevilla","Marcos Larrosa, Claudio Gonzalez, Oscar de la Fuente"
Rodolfo Biagi ,Rodolfo Biagi y su Orquesta Típica,3/15/1941,Humillación,Tango,Jorge Ortiz,Odeon,78rpm,Rodolfo Biagi,Carlos Bahr,,"38-43 / Ibanez, Falgas, Ortiz, Lago ",Rodolfo Biagi,Donato Calabrese,"Alfredo Attadia, Miguel Bonano, Ricardo Pedevilla","Marcos Larrosa, Claudio Gonzalez, Oscar de la Fuente"
Rodolfo Biagi ,Rodolfo Biagi y su Orquesta Típica,3/15/1941,Será Lo Mejor,Tango,Jorge Ortiz,Odeon,78rpm,Alfredo David,Alfredo David,,"38-43 / Ibanez, Falgas, Ortiz, Lago ",Rodolfo Biagi,Donato Calabrese,"Alfredo Attadia, Miguel Bonano, Ricardo Pedevilla","Marcos Larrosa, Claudio Gonzalez, Oscar de la Fuente"
Rodolfo Biagi ,Rodolfo Biagi y su Orquesta Típica,3/26/1941,Zaraza,Tango,Jorge Ortiz,Odeon,78rpm,Benjamín Lara,Benjamín Lara,,"38-43 / Ibanez, Falgas, Ortiz, Lago ",Rodolfo Biagi,Donato Calabrese,"Alfredo Attadia, Miguel Bonano, Ricardo Pedevilla","Marcos Larrosa, Claudio Gonzalez, Oscar de la Fuente"
Rodolfo Biagi ,Rodolfo Biagi y su Orquesta Típica,3/26/1941,Lágrimas Y Sonrisas,Vals,Instrumental,Odeon,78rpm,Pascual Gullo,,,"38-43 / Ibanez, Falgas, Ortiz, Lago ",Rodolfo Biagi,Donato Calabrese,"Alfredo Attadia, Miguel Bonano, Ricardo Pedevilla","Marcos Larrosa, Claudio Gonzalez, Oscar de la Fuente"
Rodolfo Biagi ,Rodolfo Biagi y su Orquesta Típica,3/26/1941,La Marcha Nupcial,Tango,Jorge Ortiz,Odeon,78rpm,Armando Tagini,Venancio Clauso,,"38-43 / Ibanez, Falgas, Ortiz, Lago ",Rodolfo Biagi,Donato Calabrese,"Alfredo Attadia, Miguel Bonano, Ricardo Pedevilla","Marcos Larrosa, Claudio Gonzalez, Oscar de la Fuente"
Rodolfo Biagi ,Rodolfo Biagi y su Orquesta Típica,3/26/1941,Romántico Bulincito,Tango,Jorge Ortiz,Odeon,78rpm,Augusto Gentile,Enrique Dizeo,,"38-43 / Ibanez, Falgas, Ortiz, Lago ",Rodolfo Biagi,Donato Calabrese,"Alfredo Attadia, Miguel Bonano, Ricardo Pedevilla","Marcos Larrosa, Claudio Gonzalez, Oscar de la Fuente"
Rodolfo Biagi ,Rodolfo Biagi y su Orquesta Típica,7/29/1941,Ya Lo Ves,Tango,Jorge Ortiz,Odeon,78rpm,Juan D'Arienzo,Luis Rubistein,,"38-43 / Ibanez, Falgas, Ortiz, Lago ",Rodolfo Biagi,Donato Calabrese,"Alfredo Attadia, Miguel Bonano, Ricardo Pedevilla","Marcos Larrosa, Claudio Gonzalez, Oscar de la Fuente"
Rodolfo Biagi ,Rodolfo Biagi y su Orquesta Típica,7/29/1941,Cuatro Palabras,Vals,Jorge Ortiz,Odeon,78rpm,Miguel Bucino,Miguel Bucino,,"38-43 / Ibanez, Falgas, Ortiz, Lago ",Rodolfo Biagi,Donato Calabrese,"Alfredo Attadia, Miguel Bonano, Ricardo Pedevilla","Marcos Larrosa, Claudio Gonzalez, Oscar de la Fuente"
Rodolfo Biagi ,Rodolfo Biagi y su Orquesta Típica,9/26/1941,Carrillón De La Merced,Tango,Jorge Ortiz,Odeon,78rpm,Enrique Discépolo,Enrique Discépolo; Alfredo Pera,,"38-43 / Ibanez, Falgas, Ortiz, Lago ",Rodolfo Biagi,Donato Calabrese,"Alfredo Attadia, Miguel Bonano, Ricardo Pedevilla","Marcos Larrosa, Claudio Gonzalez, Oscar de la Fuente"
Rodolfo Biagi ,Rodolfo Biagi y su Orquesta Típica,9/26/1941,Ahora No Me Conocés,Tango,Jorge Ortiz,Odeon,78rpm,Armando Baliotti,Carlos Giampé,,"38-43 / Ibanez, Falgas, Ortiz, Lago ",Rodolfo Biagi,Donato Calabrese,"Alfredo Attadia, Miguel Bonano, Ricardo Pedevilla","Marcos Larrosa, Claudio Gonzalez, Oscar de la Fuente"
Rodolfo Biagi ,Rodolfo Biagi y su Orquesta Típica,10/7/1941,Quejas De Bandoneón,Tango,Instrumental,Odeon,78rpm,Juan Filiberto,,,"38-43 / Ibanez, Falgas, Ortiz, Lago ",Rodolfo Biagi,Donato Calabrese,"Alfredo Attadia, Miguel Bonano, Ricardo Pedevilla","Marcos Larrosa, Claudio Gonzalez, Oscar de la Fuente"
Rodolfo Biagi ,Rodolfo Biagi y su Orquesta Típica,10/7/1941,Pájaro Herido,Vals,Instrumental,Odeon,78rpm,Esteban Parma,Amadeo Raffo,,"38-43 / Ibanez, Falgas, Ortiz, Lago ",Rodolfo Biagi,Donato Calabrese,"Alfredo Attadia, Miguel Bonano, Ricardo Pedevilla","Marcos Larrosa, Claudio Gonzalez, Oscar de la Fuente"
Rodolfo Biagi ,Rodolfo Biagi y su Orquesta Típica,10/21/1941,Picante,Milonga,Instrumental,Odeon,78rpm,José Padula,,,"38-43 / Ibanez, Falgas, Ortiz, Lago ",Rodolfo Biagi,Donato Calabrese,"Alfredo Attadia, Miguel Bonano, Ricardo Pedevilla","Marcos Larrosa, Claudio Gonzalez, Oscar de la Fuente"
Rodolfo Biagi ,Rodolfo Biagi y su Orquesta Típica,10/21/1941,Didí,Tango,Instrumental,Odeon,78rpm,Roberto Firpo,,,"38-43 / Ibanez, Falgas, Ortiz, Lago ",Rodolfo Biagi,Donato Calabrese,"Alfredo Attadia, Miguel Bonano, Ricardo Pedevilla","Marcos Larrosa, Claudio Gonzalez, Oscar de la Fuente"
Rodolfo Biagi ,Rodolfo Biagi y su Orquesta Típica,12/3/1941,No Puede Ser,Tango,Alberto Lago,Odeon,78rpm,Juan Howard; Marcos Larrosa,Julio Nelson,,"38-43 / Ibanez, Falgas, Ortiz, Lago ",Rodolfo Biagi,Donato Calabrese,"Alfredo Attadia, Miguel Bonano, Ricardo Pedevilla","Marcos Larrosa, Claudio Gonzalez, Oscar de la Fuente"
Rodolfo Biagi ,Rodolfo Biagi y su Orquesta Típica,12/3/1941,Marcheta (Marquitta),Vals,Instrumental,Odeon,78rpm,Víctor Schertzinger,,,"38-43 / Ibanez, Falgas, Ortiz, Lago ",Rodolfo Biagi,Donato Calabrese,"Alfredo Attadia, Miguel Bonano, Ricardo Pedevilla","Marcos Larrosa, Claudio Gonzalez, Oscar de la Fuente"
Rodolfo Biagi ,Rodolfo Biagi y su Orquesta Típica,1/16/1942,Arrebato,Tango,Alberto Lago,Odeon,78rpm,Oscar Valpreda,Gerónimo Sureda,,"38-43 / Ibanez, Falgas, Ortiz, Lago ",Rodolfo Biagi,Donato Calabrese,"Alfredo Attadia, Miguel Bonano, Ricardo Pedevilla","Marcos Larrosa, Claudio Gonzalez, Oscar de la Fuente"
Rodolfo Biagi ,Rodolfo Biagi y su Orquesta Típica,1/20/1942,Bélgica,Tango,Instrumental,Odeon,78rpm,Enrique Delfino,,,"38-43 / Ibanez, Falgas, Ortiz, Lago ",Rodolfo Biagi,Donato Calabrese,"Alfredo Attadia, Miguel Bonano, Ricardo Pedevilla","Marcos Larrosa, Claudio Gonzalez, Oscar de la Fuente"
Rodolfo Biagi ,Rodolfo Biagi y su Orquesta Típica,2/2/1942,Sentimiento Gaucho,Tango,Instrumental,Odeon,78rpm,Rafael Canaro; Francisco Canaro,Juan Caruso,,"38-43 / Ibanez, Falgas, Ortiz, Lago ",Rodolfo Biagi,Donato Calabrese,"Alfredo Attadia, Miguel Bonano, Ricardo Pedevilla","Marcos Larrosa, Claudio Gonzalez, Oscar de la Fuente"
Rodolfo Biagi ,Rodolfo Biagi y su Orquesta Típica,2/2/1942,Te Odio,Tango,Alberto Lago,Odeon,78rpm,Francisco Pracánico,Celedonio Flores,,"38-43 / Ibanez, Falgas, Ortiz, Lago ",Rodolfo Biagi,Donato Calabrese,"Alfredo Attadia, Miguel Bonano, Ricardo Pedevilla","Marcos Larrosa, Claudio Gonzalez, Oscar de la Fuente"
Rodolfo Biagi ,Rodolfo Biagi y su Orquesta Típica,4/15/1942,La Cumparsita,Tango,Jorge Ortiz,Odeon,78rpm,Gerardo Rodríguez,Enrique Maroni,,"38-43 / Ibanez, Falgas, Ortiz, Lago ",Rodolfo Biagi,Donato Calabrese,"Alfredo Attadia, Miguel Bonano, Ricardo Pedevilla","Marcos Larrosa, Claudio Gonzalez, Oscar de la Fuente"
Rodolfo Biagi ,Rodolfo Biagi y su Orquesta Típica,4/15/1942,Calla Corazón,Tango,Jorge Ortiz,Odeon,78rpm,Enrique Delfino,Mario Rada,,"38-43 / Ibanez, Falgas, Ortiz, Lago ",Rodolfo Biagi,Donato Calabrese,"Alfredo Attadia, Miguel Bonano, Ricardo Pedevilla","Marcos Larrosa, Claudio Gonzalez, Oscar de la Fuente"
Rodolfo Biagi ,Rodolfo Biagi y su Orquesta Típica,5/22/1942,Amor Y Vals,Vals,Alberto Lago,Odeon,78rpm,Rodolfo Biagi,Carlos Bahr,,"38-43 / Ibanez, Falgas, Ortiz, Lago ",Rodolfo Biagi,Donato Calabrese,"Alfredo Attadia, Miguel Bonano, Ricardo Pedevilla","Marcos Larrosa, Claudio Gonzalez, Oscar de la Fuente"
Rodolfo Biagi ,Rodolfo Biagi y su Orquesta Típica,5/22/1942,Metido (Enamorado),Tango,Alberto Lago,Odeon,78rpm,Príncipe Cubano,Príncipe Cubano,,"38-43 / Ibanez, Falgas, Ortiz, Lago ",Rodolfo Biagi,Donato Calabrese,"Alfredo Attadia, Miguel Bonano, Ricardo Pedevilla","Marcos Larrosa, Claudio Gonzalez, Oscar de la Fuente"
Rodolfo Biagi ,Rodolfo Biagi y su Orquesta Típica,8/28/1942,Catorce Primaveras,Tango,Jorge Ortiz,Odeon,78rpm,Eduardo Conte,Julio Navarrine,,"38-43 / Ibanez, Falgas, Ortiz, Lago ",Rodolfo Biagi,Donato Calabrese,"Alfredo Attadia, Miguel Bonano, Ricardo Pedevilla","Marcos Larrosa, Claudio Gonzalez, Oscar de la Fuente"
Rodolfo Biagi ,Rodolfo Biagi y su Orquesta Típica,8/28/1942,Oyendo Tu Voz,Tango,Jorge Ortiz,Odeon,78rpm,Marcos Larrosa,Julio Nelson,,"38-43 / Ibanez, Falgas, Ortiz, Lago ",Rodolfo Biagi,Donato Calabrese,"Alfredo Attadia, Miguel Bonano, Ricardo Pedevilla","Marcos Larrosa, Claudio Gonzalez, Oscar de la Fuente"
Rodolfo Biagi ,Rodolfo Biagi y su Orquesta Típica,9/10/1942,La Cumparsita,Tango,Instrumental,Odeon,78rpm,Gerardo Rodríguez,,,"38-43 / Ibanez, Falgas, Ortiz, Lago ",Rodolfo Biagi,Donato Calabrese,"Alfredo Attadia, Miguel Bonano, Ricardo Pedevilla","Marcos Larrosa, Claudio Gonzalez, Oscar de la Fuente"
Rodolfo Biagi ,Rodolfo Biagi y su Orquesta Típica,9/10/1942,Indiferencia,Tango,Jorge Ortiz,Odeon,78rpm,Rodolfo Biagi,Juan Thorry,,"38-43 / Ibanez, Falgas, Ortiz, Lago ",Rodolfo Biagi,Donato Calabrese,"Alfredo Attadia, Miguel Bonano, Ricardo Pedevilla","Marcos Larrosa, Claudio Gonzalez, Oscar de la Fuente"
Rodolfo Biagi ,Rodolfo Biagi y su Orquesta Típica,10/29/1942,Si De Mí Te Has Olvidado,Tango,Jorge Ortiz,Odeon,78rpm,Osvaldo Fresedo,José Contursi,,"38-43 / Ibanez, Falgas, Ortiz, Lago ",Rodolfo Biagi,Donato Calabrese,"Alfredo Attadia, Miguel Bonano, Ricardo Pedevilla","Marcos Larrosa, Claudio Gonzalez, Oscar de la Fuente"
Rodolfo Biagi ,Rodolfo Biagi y su Orquesta Típica,1/15/1943,¡Señor! ¡Señor!,Tango,Jorge Ortiz,Odeon,78rpm,Ángel Welles,Venancio Clauso,,"38-43 / Ibanez, Falgas, Ortiz, Lago ",Rodolfo Biagi,Donato Calabrese,"Alfredo Attadia, Miguel Bonano, Ricardo Pedevilla","Marcos Larrosa, Claudio Gonzalez, Oscar de la Fuente"
Rodolfo Biagi ,Rodolfo Biagi y su Orquesta Típica,1/15/1943,Pueblito De Provincia,Tango,Jorge Ortiz,Odeon,78rpm,Héctor Stamponi,Homero Expósito,,"38-43 / Ibanez, Falgas, Ortiz, Lago ",Rodolfo Biagi,Donato Calabrese,"Alfredo Attadia, Miguel Bonano, Ricardo Pedevilla","Marcos Larrosa, Claudio Gonzalez, Oscar de la Fuente"
Rodolfo Biagi ,Rodolfo Biagi y su Orquesta Típica,3/3/1943,Arlette,Tango,Alberto Amor,Odeon,78rpm,Antonio Bonavena,Horacio Sanguinetti,,"43-50 / Amor, Acuna, Ortiz, Saavedra ",Rodolfo Biagi,Donato Calabrese,"Alfredo Attadia, Miguel Bonano, Ricardo Pedevilla","Marcos Larrosa, Claudio Gonzalez, Oscar de la Fuente"
Rodolfo Biagi ,Rodolfo Biagi y su Orquesta Típica,3/3/1943,Por Algo Será,Tango,Alberto Amor,Odeon,78rpm,Carlos Elli,Carlos Rivero; Otello Elli,,"43-50 / Amor, Acuna, Ortiz, Saavedra ",Rodolfo Biagi,Donato Calabrese,"Alfredo Attadia, Miguel Bonano, Ricardo Pedevilla","Marcos Larrosa, Claudio Gonzalez, Oscar de la Fuente"
Rodolfo Biagi ,Rodolfo Biagi y su Orquesta Típica,3/3/1943,Yo Tengo Un Puñal,Tango,Carlos Acuña,Odeon,78rpm,Luis Moresco,José Terragno,,"43-50 / Amor, Acuna, Ortiz, Saavedra ",Rodolfo Biagi,Donato Calabrese,"Alfredo Attadia, Miguel Bonano, Ricardo Pedevilla","Marcos Larrosa, Claudio Gonzalez, Oscar de la Fuente"
Rodolfo Biagi ,Rodolfo Biagi y su Orquesta Típica,3/3/1943,A La Luz Del Candil,Tango,Carlos Acuña,Odeon,78rpm,Carlos Flores,Julio Navarrine,,"43-50 / Amor, Acuna, Ortiz, Saavedra ",Rodolfo Biagi,Donato Calabrese,"Alfredo Attadia, Miguel Bonano, Ricardo Pedevilla","Marcos Larrosa, Claudio Gonzalez, Oscar de la Fuente"
Rodolfo Biagi ,Rodolfo Biagi y su Orquesta Típica,4/29/1943,Barrio Reo,Tango,Carlos Acuña,Odeon,78rpm,Roberto Fugazot,Alfredo Navarrine,,"43-50 / Amor, Acuna, Ortiz, Saavedra ",Rodolfo Biagi,Donato Calabrese,"Alfredo Attadia, Miguel Bonano, Ricardo Pedevilla","Marcos Larrosa, Claudio Gonzalez, Oscar de la Fuente"
Rodolfo Biagi ,Rodolfo Biagi y su Orquesta Típica,4/29/1943,Canción De Rango,Tango,Carlos Acuña,Odeon,78rpm,Raúl Kaplún,José Suñé,,"43-50 / Amor, Acuna, Ortiz, Saavedra ",Rodolfo Biagi,Donato Calabrese,"Alfredo Attadia, Miguel Bonano, Ricardo Pedevilla","Marcos Larrosa, Claudio Gonzalez, Oscar de la Fuente"
Rodolfo Biagi ,Rodolfo Biagi y su Orquesta Típica,7/8/1943,Tres Horas,Tango,Alberto Amor,Odeon,78rpm,Héctor Varela,Alberto Nery,,"43-50 / Amor, Acuna, Ortiz, Saavedra ",Rodolfo Biagi,Donato Calabrese,"Alfredo Attadia, Miguel Bonano, Ricardo Pedevilla","Marcos Larrosa, Claudio Gonzalez, Oscar de la Fuente"
Rodolfo Biagi ,Rodolfo Biagi y su Orquesta Típica,7/8/1943,Soy Del 90 ,Milonga,Carlos Acuña,Odeon,78rpm,Tito Ribero,Carlos Waiss,,"43-50 / Amor, Acuna, Ortiz, Saavedra ",Rodolfo Biagi,Donato Calabrese,"Alfredo Attadia, Miguel Bonano, Ricardo Pedevilla","Marcos Larrosa, Claudio Gonzalez, Oscar de la Fuente"
Rodolfo Biagi ,Rodolfo Biagi y su Orquesta Típica,8/24/1943,Adiós Te Vas,Tango,Carlos Acuña,Odeon,78rpm,Egidio Pittaluga,Cátulo Castillo,,"43-50 / Amor, Acuna, Ortiz, Saavedra ",Rodolfo Biagi,Donato Calabrese,"Alfredo Attadia, Miguel Bonano, Ricardo Pedevilla","Marcos Larrosa, Claudio Gonzalez, Oscar de la Fuente"
Rodolfo Biagi ,Rodolfo Biagi y su Orquesta Típica,8/24/1943,Prisionero,Vals,Alberto Amor,Odeon,78rpm,Julio Carresons,Carlos Bahr,,"43-50 / Amor, Acuna, Ortiz, Saavedra ",Rodolfo Biagi,Donato Calabrese,"Alfredo Attadia, Miguel Bonano, Ricardo Pedevilla","Marcos Larrosa, Claudio Gonzalez, Oscar de la Fuente"
Rodolfo Biagi ,Rodolfo Biagi y su Orquesta Típica,12/7/1943,Si La Llegaran A Ver,Tango,Alberto Amor,Odeon,78rpm,Juan D'Arienzo,Enrique Cadícamo,,"43-50 / Amor, Acuna, Ortiz, Saavedra ",Rodolfo Biagi,Donato Calabrese,"Alfredo Attadia, Miguel Bonano, Ricardo Pedevilla","Marcos Larrosa, Claudio Gonzalez, Oscar de la Fuente"
Rodolfo Biagi ,Rodolfo Biagi y su Orquesta Típica,12/7/1943,Lonjazos,Tango,Carlos Acuña,Odeon,78rpm,Andrés Domenech,Jesús Blanco,,"43-50 / Amor, Acuna, Ortiz, Saavedra ",Rodolfo Biagi,Donato Calabrese,"Alfredo Attadia, Miguel Bonano, Ricardo Pedevilla","Marcos Larrosa, Claudio Gonzalez, Oscar de la Fuente"
Rodolfo Biagi ,Rodolfo Biagi y su Orquesta Típica,4/11/1944,Uno,Tango,Carlos Acuña,Odeon,78rpm,Mariano Mores,Enrique Discépolo,,"43-50 / Amor, Acuna, Ortiz, Saavedra ",Rodolfo Biagi,Donato Calabrese,"Alfredo Attadia, Miguel Bonano, Ricardo Pedevilla","Marcos Larrosa, Claudio Gonzalez, Oscar de la Fuente"
Rodolfo Biagi ,Rodolfo Biagi y su Orquesta Típica,4/11/1944,Sueño De Juventud,Vals,Carlos Acuña,Odeon,78rpm,Enrique Discépolo,Enrique Discépolo,,"43-50 / Amor, Acuna, Ortiz, Saavedra ",Rodolfo Biagi,Donato Calabrese,"Alfredo Attadia, Miguel Bonano, Ricardo Pedevilla","Marcos Larrosa, Claudio Gonzalez, Oscar de la Fuente"
Rodolfo Biagi ,Rodolfo Biagi y su Orquesta Típica,4/11/1944,Lisón,Tango,Alberto Amor,Odeon,78rpm,José Ranieri,Julián Centeya,,"43-50 / Amor, Acuna, Ortiz, Saavedra ",Rodolfo Biagi,Donato Calabrese,"Alfredo Attadia, Miguel Bonano, Ricardo Pedevilla","Marcos Larrosa, Claudio Gonzalez, Oscar de la Fuente"
Rodolfo Biagi ,Rodolfo Biagi y su Orquesta Típica,5/9/1944,Nada,Tango,Alberto Amor,Odeon,78rpm,José Dames,Horacio Sanguinetti,,"43-50 / Amor, Acuna, Ortiz, Saavedra ",Rodolfo Biagi,Donato Calabrese,"Alfredo Attadia, Miguel Bonano, Ricardo Pedevilla","Marcos Larrosa, Claudio Gonzalez, Oscar de la Fuente"
Rodolfo Biagi ,Rodolfo Biagi y su Orquesta Típica,5/9/1944,Tu Voz,Tango,Carlos Acuña,Odeon,78rpm,Juan Migliore,Ricardo Duggan,,"43-50 / Amor, Acuna, Ortiz, Saavedra ",Rodolfo Biagi,Donato Calabrese,"Alfredo Attadia, Miguel Bonano, Ricardo Pedevilla","Marcos Larrosa, Claudio Gonzalez, Oscar de la Fuente"
Rodolfo Biagi ,Rodolfo Biagi y su Orquesta Típica,5/30/1944,Sosiego En La Noche,Tango,Carlos Acuña,Odeon,78rpm,Roberto Garza,Carlos Bahr,,"43-50 / Amor, Acuna, Ortiz, Saavedra ",Rodolfo Biagi,Donato Calabrese,"Alfredo Attadia, Miguel Bonano, Ricardo Pedevilla","Marcos Larrosa, Claudio Gonzalez, Oscar de la Fuente"
Rodolfo Biagi ,Rodolfo Biagi y su Orquesta Típica,8/11/1944,Como El Hornero,Tango,Alberto Amor,Odeon,78rpm,Manuel Sucher,José Rótulo,,"43-50 / Amor, Acuna, Ortiz, Saavedra ",Rodolfo Biagi,Donato Calabrese,"Alfredo Attadia, Miguel Bonano, Ricardo Pedevilla","Marcos Larrosa, Claudio Gonzalez, Oscar de la Fuente"
Rodolfo Biagi ,Rodolfo Biagi y su Orquesta Típica,8/11/1944,A Suerte Y Verdad,Tango,Carlos Acuña,Odeon,78rpm,Carlos Parodi,Carlos Waiss,,"43-50 / Amor, Acuna, Ortiz, Saavedra ",Rodolfo Biagi,Donato Calabrese,"Alfredo Attadia, Miguel Bonano, Ricardo Pedevilla","Marcos Larrosa, Claudio Gonzalez, Oscar de la Fuente"
Rodolfo Biagi ,Rodolfo Biagi y su Orquesta Típica,9/15/1944,Seamos Amigos,Tango,Alberto Amor,Odeon,78rpm,Domingo Rullo; Príncipe Cubano,Domingo Rullo; Príncipe Cubano,,"43-50 / Amor, Acuna, Ortiz, Saavedra ",Rodolfo Biagi,Donato Calabrese,"Alfredo Attadia, Miguel Bonano, Ricardo Pedevilla","Marcos Larrosa, Claudio Gonzalez, Oscar de la Fuente"
Rodolfo Biagi ,Rodolfo Biagi y su Orquesta Típica,9/15/1944,Viento Malo,Tango,Alberto Amor,Odeon,78rpm,Miguel Nijensohn; José Nieso,José Suñé,,"43-50 / Amor, Acuna, Ortiz, Saavedra ",Rodolfo Biagi,Donato Calabrese,"Alfredo Attadia, Miguel Bonano, Ricardo Pedevilla","Marcos Larrosa, Claudio Gonzalez, Oscar de la Fuente"
Rodolfo Biagi ,Rodolfo Biagi y su Orquesta Típica,1/24/1945,Magdala,Tango,Jorge Ortiz,Odeon,78rpm,Rodolfo Biagi,Francisco Gorrindo,,"43-50 / Amor, Acuna, Ortiz, Saavedra ",Rodolfo Biagi,Donato Calabrese,"Alfredo Attadia, Miguel Bonano, Ricardo Pedevilla","Marcos Larrosa, Claudio Gonzalez, Oscar de la Fuente"
Rodolfo Biagi ,Rodolfo Biagi y su Orquesta Típica,1/24/1945,Yuyo Verde (Callejón),Tango,Jorge Ortiz,Odeon,78rpm,Domingo Federico,Homero Expósito,,"43-50 / Amor, Acuna, Ortiz, Saavedra ",Rodolfo Biagi,Donato Calabrese,"Alfredo Attadia, Miguel Bonano, Ricardo Pedevilla","Marcos Larrosa, Claudio Gonzalez, Oscar de la Fuente"
Rodolfo Biagi ,Rodolfo Biagi y su Orquesta Típica,2/6/1945,"Copas, Amigas Y Besos",Tango,Jorge Ortiz,Odeon,78rpm,Mariano Mores,Enrique Cadícamo,,"43-50 / Amor, Acuna, Ortiz, Saavedra ",Rodolfo Biagi,Donato Calabrese,"Alfredo Attadia, Miguel Bonano, Ricardo Pedevilla","Marcos Larrosa, Claudio Gonzalez, Oscar de la Fuente"
Rodolfo Biagi ,Rodolfo Biagi y su Orquesta Típica,2/6/1945,Paloma,Vals,Alberto Amor,Odeon,78rpm,Juan Guichandut,Horacio Sanguinetti,,"43-50 / Amor, Acuna, Ortiz, Saavedra ",Rodolfo Biagi,Donato Calabrese,"Alfredo Attadia, Miguel Bonano, Ricardo Pedevilla","Marcos Larrosa, Claudio Gonzalez, Oscar de la Fuente"
Rodolfo Biagi ,Rodolfo Biagi y su Orquesta Típica,4/24/1945,Equipaje,Tango,Jorge Ortiz,Odeon,78rpm,Héctor Artola,Carlos Bahr,,"43-50 / Amor, Acuna, Ortiz, Saavedra ",Rodolfo Biagi,Donato Calabrese,"Alfredo Attadia, Miguel Bonano, Ricardo Pedevilla","Marcos Larrosa, Claudio Gonzalez, Oscar de la Fuente"
Rodolfo Biagi ,Rodolfo Biagi y su Orquesta Típica,4/25/1945,Trenzas,Tango,Jorge Ortiz,Odeon,78rpm,Armando Pontier,Homero Expósito,,"43-50 / Amor, Acuna, Ortiz, Saavedra ",Rodolfo Biagi,Donato Calabrese,"Alfredo Attadia, Miguel Bonano, Ricardo Pedevilla","Marcos Larrosa, Claudio Gonzalez, Oscar de la Fuente"
Rodolfo Biagi ,Rodolfo Biagi y su Orquesta Típica,5/25/1945,Me Quedé Mirándola,Tango,Alberto Amor,Odeon,78rpm,Vicente Spina,Roberto Miró,,"43-50 / Amor, Acuna, Ortiz, Saavedra ",Rodolfo Biagi,Donato Calabrese,"Alfredo Attadia, Miguel Bonano, Ricardo Pedevilla","Marcos Larrosa, Claudio Gonzalez, Oscar de la Fuente"
Rodolfo Biagi ,Rodolfo Biagi y su Orquesta Típica,5/25/1945,Tu Melodía (Take 2),Vals,Jorge Ortiz,Odeon,78rpm,Alberto Villanueva,Oscar Rubens,,"43-50 / Amor, Acuna, Ortiz, Saavedra ",Rodolfo Biagi,Donato Calabrese,"Alfredo Attadia, Miguel Bonano, Ricardo Pedevilla","Marcos Larrosa, Claudio Gonzalez, Oscar de la Fuente"
Rodolfo Biagi ,Rodolfo Biagi y su Orquesta Típica,6/15/1945,Cuando Se Ha Querido Mucho,Tango,Jorge Ortiz,Odeon,78rpm,Federico Leone,Enrique Dizeo,,"43-50 / Amor, Acuna, Ortiz, Saavedra ",Rodolfo Biagi,Donato Calabrese,"Alfredo Attadia, Miguel Bonano, Ricardo Pedevilla","Marcos Larrosa, Claudio Gonzalez, Oscar de la Fuente"
Rodolfo Biagi ,Rodolfo Biagi y su Orquesta Típica,6/15/1945,Café De Los Angelitos,Tango,Alberto Amor,Odeon,78rpm,José Castillo,José Castillo,,"43-50 / Amor, Acuna, Ortiz, Saavedra ",Rodolfo Biagi,Donato Calabrese,"Alfredo Attadia, Miguel Bonano, Ricardo Pedevilla","Marcos Larrosa, Claudio Gonzalez, Oscar de la Fuente"
Rodolfo Biagi ,Rodolfo Biagi y su Orquesta Típica,9/6/1945,Mis Amores De Ayer,Tango,Alberto Amor,Odeon,78rpm,Oscar Rocha,Horacio Sanguinetti,,"43-50 / Amor, Acuna, Ortiz, Saavedra ",Rodolfo Biagi,Donato Calabrese,"Alfredo Attadia, Miguel Bonano, Ricardo Pedevilla","Marcos Larrosa, Claudio Gonzalez, Oscar de la Fuente"
Rodolfo Biagi ,Rodolfo Biagi y su Orquesta Típica,9/6/1945,Soledad La De Barracas,Tango,Jorge Ortiz,Odeon,78rpm,Roberto Garza,Carlos Bahr,,"43-50 / Amor, Acuna, Ortiz, Saavedra ",Rodolfo Biagi,Donato Calabrese,"Alfredo Attadia, Miguel Bonano, Ricardo Pedevilla","Marcos Larrosa, Claudio Gonzalez, Oscar de la Fuente"
Rodolfo Biagi ,Rodolfo Biagi y su Orquesta Típica,10/15/1945,Anselmo Laguna,Tango,Alberto Amor,Odeon,78rpm,Vicente Salerno,Elizardo Vilas,,"43-50 / Amor, Acuna, Ortiz, Saavedra ",Rodolfo Biagi,Donato Calabrese,"Alfredo Attadia, Miguel Bonano, Ricardo Pedevilla","Marcos Larrosa, Claudio Gonzalez, Oscar de la Fuente"
Rodolfo Biagi ,Rodolfo Biagi y su Orquesta Típica,10/15/1945,Tus Labios Me Dirán,Tango,Alberto Amor,Odeon,78rpm,Emilio Brameri,Héctor Marcó,,"43-50 / Amor, Acuna, Ortiz, Saavedra ",Rodolfo Biagi,Donato Calabrese,"Alfredo Attadia, Miguel Bonano, Ricardo Pedevilla","Marcos Larrosa, Claudio Gonzalez, Oscar de la Fuente"
Rodolfo Biagi ,Rodolfo Biagi y su Orquesta Típica,11/30/1945,Hoy Te Quiero Mucho Más,Tango,Alberto Amor,Odeon,78rpm,Carlos Lazzari,Horacio Sanguinetti,,"43-50 / Amor, Acuna, Ortiz, Saavedra ",Rodolfo Biagi,Donato Calabrese,"Alfredo Attadia, Miguel Bonano, Ricardo Pedevilla","Marcos Larrosa, Claudio Gonzalez, Oscar de la Fuente"
Rodolfo Biagi ,Rodolfo Biagi y su Orquesta Típica,11/30/1945,Flor De Monserrat ,Milonga,Alberto Amor,Odeon,78rpm,Juan Santini,Vicente Campo,,"43-50 / Amor, Acuna, Ortiz, Saavedra ",Rodolfo Biagi,Donato Calabrese,"Alfredo Attadia, Miguel Bonano, Ricardo Pedevilla","Marcos Larrosa, Claudio Gonzalez, Oscar de la Fuente"
Rodolfo Biagi ,Rodolfo Biagi y su Orquesta Típica,1/18/1946,Pudo Ser Una Vida,Tango,Alberto Amor,Odeon,78rpm,Elías Randal,Carlos Bahr,,"43-50 / Amor, Acuna, Ortiz, Saavedra ",Rodolfo Biagi,Donato Calabrese,"Alfredo Attadia, Miguel Bonano, Ricardo Pedevilla","Marcos Larrosa, Claudio Gonzalez, Oscar de la Fuente"
Rodolfo Biagi ,Rodolfo Biagi y su Orquesta Típica,1/18/1946,Aroma De Amor,Vals,Alberto Amor,Odeon,78rpm,Román Juri,Carlos Waiss,,"43-50 / Amor, Acuna, Ortiz, Saavedra ",Rodolfo Biagi,Donato Calabrese,"Alfredo Attadia, Miguel Bonano, Ricardo Pedevilla","Marcos Larrosa, Claudio Gonzalez, Oscar de la Fuente"
Rodolfo Biagi ,Rodolfo Biagi y su Orquesta Típica,1/31/1946,"Adiós, Pampa Mía",Tango,Alberto Amor,Odeon,78rpm,Francisco Canaro; Mariano Mores,Ivo Pelay,,"43-50 / Amor, Acuna, Ortiz, Saavedra ",Rodolfo Biagi,Donato Calabrese,"Alfredo Attadia, Miguel Bonano, Ricardo Pedevilla","Marcos Larrosa, Claudio Gonzalez, Oscar de la Fuente"
Rodolfo Biagi ,Rodolfo Biagi y su Orquesta Típica,1/31/1946,Marol,Tango,Alberto Amor,Odeon,78rpm,Alberto Nery,Federico Silva,,"43-50 / Amor, Acuna, Ortiz, Saavedra ",Rodolfo Biagi,Donato Calabrese,"Alfredo Attadia, Miguel Bonano, Ricardo Pedevilla","Marcos Larrosa, Claudio Gonzalez, Oscar de la Fuente"
Rodolfo Biagi ,Rodolfo Biagi y su Orquesta Típica,4/17/1946,Cuatro Lágrimas,Tango,Alberto Amor,Odeon,78rpm,Lito Bayardo,Lito Bayardo,,"43-50 / Amor, Acuna, Ortiz, Saavedra ",Rodolfo Biagi,Donato Calabrese,"Alfredo Attadia, Miguel Bonano, Ricardo Pedevilla","Marcos Larrosa, Claudio Gonzalez, Oscar de la Fuente"
Rodolfo Biagi ,Rodolfo Biagi y su Orquesta Típica,4/17/1946,Levanta Tu Corazón,Tango,Alberto Amor,Odeon,78rpm,Venancio Clauso,Venancio Clauso,,"43-50 / Amor, Acuna, Ortiz, Saavedra ",Rodolfo Biagi,Donato Calabrese,"Alfredo Attadia, Miguel Bonano, Ricardo Pedevilla","Marcos Larrosa, Claudio Gonzalez, Oscar de la Fuente"
Rodolfo Biagi ,Rodolfo Biagi y su Orquesta Típica,5/23/1946,Mientras Duerme La Ciudad,Tango,Carlos Saavedra,Odeon,78rpm,Alberto Villanueva,Oscar Rubens,,"43-50 / Amor, Acuna, Ortiz, Saavedra ",Rodolfo Biagi,Donato Calabrese,"Alfredo Attadia, Miguel Bonano, Ricardo Pedevilla","Marcos Larrosa, Claudio Gonzalez, Oscar de la Fuente"
Rodolfo Biagi ,Rodolfo Biagi y su Orquesta Típica,5/23/1946,Camino Del Tucumán,Tango,Alberto Amor,Odeon,78rpm,José Castillo,José Razzano; Cátulo Castillo,,"43-50 / Amor, Acuna, Ortiz, Saavedra ",Rodolfo Biagi,Donato Calabrese,"Alfredo Attadia, Miguel Bonano, Ricardo Pedevilla","Marcos Larrosa, Claudio Gonzalez, Oscar de la Fuente"
Rodolfo Biagi ,Rodolfo Biagi y su Orquesta Típica,6/18/1946,Gracias,Tango,Carlos Saavedra,Odeon,78rpm,Elías Randal,Carlos Bahr,,"43-50 / Amor, Acuna, Ortiz, Saavedra ",Rodolfo Biagi,Donato Calabrese,"Alfredo Attadia, Miguel Bonano, Ricardo Pedevilla","Marcos Larrosa, Claudio Gonzalez, Oscar de la Fuente"
Rodolfo Biagi ,Rodolfo Biagi y su Orquesta Típica,6/18/1946,El Irresistible,Tango,Instrumental,Odeon,78rpm,Lorenzo Logatti,,,"43-50 / Amor, Acuna, Ortiz, Saavedra ",Rodolfo Biagi,Donato Calabrese,"Alfredo Attadia, Miguel Bonano, Ricardo Pedevilla","Marcos Larrosa, Claudio Gonzalez, Oscar de la Fuente"
Rodolfo Biagi ,Rodolfo Biagi y su Orquesta Típica,7/10/1946,Con Mi Perro,Milonga,Alberto Amor,Odeon,78rpm,Aníbal Troilo,José Contursi,,"43-50 / Amor, Acuna, Ortiz, Saavedra ",Rodolfo Biagi,Donato Calabrese,"Alfredo Attadia, Miguel Bonano, Ricardo Pedevilla","Marcos Larrosa, Claudio Gonzalez, Oscar de la Fuente"
Rodolfo Biagi ,Rodolfo Biagi y su Orquesta Típica,7/10/1946,Lucienne,Tango,Alberto Amor,Odeon,78rpm,Domingo Rullo,Jorge Fuentes,,"43-50 / Amor, Acuna, Ortiz, Saavedra ",Rodolfo Biagi,Donato Calabrese,"Alfredo Attadia, Miguel Bonano, Ricardo Pedevilla","Marcos Larrosa, Claudio Gonzalez, Oscar de la Fuente"
Rodolfo Biagi ,Rodolfo Biagi y su Orquesta Típica,8/16/1946,La Huella,T+D:Fango,Instrumental,Odeon,78rpm,Manuel Villanueva,,,"43-50 / Amor, Acuna, Ortiz, Saavedra ",Rodolfo Biagi,Donato Calabrese,"Alfredo Attadia, Miguel Bonano, Ricardo Pedevilla","Marcos Larrosa, Claudio Gonzalez, Oscar de la Fuente"
Rodolfo Biagi ,Rodolfo Biagi y su Orquesta Típica,8/16/1946,Por Eso Grito,Tango,Carlos Saavedra,Odeon,78rpm,Edgardo Donato,César Córdoba,,"43-50 / Amor, Acuna, Ortiz, Saavedra ",Rodolfo Biagi,Donato Calabrese,"Alfredo Attadia, Miguel Bonano, Ricardo Pedevilla","Marcos Larrosa, Claudio Gonzalez, Oscar de la Fuente"
Rodolfo Biagi ,Rodolfo Biagi y su Orquesta Típica,11/22/1946,Sin Palabras,Tango,Carlos Saavedra,Odeon,78rpm,Mariano Mores,Enrique Discépolo,,"43-50 / Amor, Acuna, Ortiz, Saavedra ",Rodolfo Biagi,Donato Calabrese,"Alfredo Attadia, Miguel Bonano, Ricardo Pedevilla","Marcos Larrosa, Claudio Gonzalez, Oscar de la Fuente"
Rodolfo Biagi ,Rodolfo Biagi y su Orquesta Típica,11/22/1946,Cuando Llora La Milonga,T+C:Fango,Alberto Amor,Odeon,78rpm,Juan Filiberto,Luis Mario,,"43-50 / Amor, Acuna, Ortiz, Saavedra ",Rodolfo Biagi,Donato Calabrese,"Alfredo Attadia, Miguel Bonano, Ricardo Pedevilla","Marcos Larrosa, Claudio Gonzalez, Oscar de la Fuente"
Rodolfo Biagi ,Rodolfo Biagi y su Orquesta Típica,12/30/1946,Mañana Por La Mañana,Vals,Alberto Amor,Odeon,78rpm,Emilio Muñoz,Emilio Brameri; Juan Muñoz,,"43-50 / Amor, Acuna, Ortiz, Saavedra ",Rodolfo Biagi,Donato Calabrese,"Alfredo Attadia, Miguel Bonano, Ricardo Pedevilla","Marcos Larrosa, Claudio Gonzalez, Oscar de la Fuente"
Rodolfo Biagi ,Rodolfo Biagi y su Orquesta Típica,12/30/1946,Esta Noche Me Emborracho,Tango,Carlos Saavedra,Odeon,78rpm,Enrique Discépolo,Enrique Discépolo,,"43-50 / Amor, Acuna, Ortiz, Saavedra ",Rodolfo Biagi,Donato Calabrese,"Alfredo Attadia, Miguel Bonano, Ricardo Pedevilla","Marcos Larrosa, Claudio Gonzalez, Oscar de la Fuente"
Rodolfo Biagi ,Rodolfo Biagi y su Orquesta Típica,9/23/1947,Margot,Tango,Carlos Saavedra,Odeon,78rpm,Carlos Razzano,Celedonio Flores,,"43-50 / Amor, Acuna, Ortiz, Saavedra ",Rodolfo Biagi,Donato Calabrese,"Alfredo Attadia, Miguel Bonano, Ricardo Pedevilla","Marcos Larrosa, Claudio Gonzalez, Oscar de la Fuente"
Rodolfo Biagi ,Rodolfo Biagi y su Orquesta Típica,9/23/1947,Y Dicen Que No Te Quiero,Tango,Alberto Amor,Odeon,78rpm,José Canet,José Canet,,"43-50 / Amor, Acuna, Ortiz, Saavedra ",Rodolfo Biagi,Donato Calabrese,"Alfredo Attadia, Miguel Bonano, Ricardo Pedevilla","Marcos Larrosa, Claudio Gonzalez, Oscar de la Fuente"
Rodolfo Biagi ,Rodolfo Biagi y su Orquesta Típica,7/22/1948,La Viruta,Tango,Instrumental,Odeon,78rpm,Vicente Greco,,,"43-50 / Amor, Acuna, Ortiz, Saavedra ",Rodolfo Biagi,Donato Calabrese,"Alfredo Attadia, Miguel Bonano, Ricardo Pedevilla","Marcos Larrosa, Claudio Gonzalez, Oscar de la Fuente"
Rodolfo Biagi ,Rodolfo Biagi y su Orquesta Típica,7/22/1948,Por La Güella,Milonga,Carlos Saavedra,Odeon,78rpm,Rodolfo Biagi,Homero Manzi,,"43-50 / Amor, Acuna, Ortiz, Saavedra ",Rodolfo Biagi,Donato Calabrese,"Alfredo Attadia, Miguel Bonano, Ricardo Pedevilla","Marcos Larrosa, Claudio Gonzalez, Oscar de la Fuente"
Rodolfo Biagi ,Rodolfo Biagi y su Orquesta Típica,4/13/1950,A La Gran Muñeca,Tango,Instrumental,Odeon,78rpm,Jesús Ventura,Miguel Osés,,50-56 / Duval ,Rodolfo Biagi,Donato Calabrese,"Alfredo Attadia, Miguel Bonano, Ricardo Pedevilla","Marcos Larrosa, Claudio Gonzalez, Oscar de la Fuente"
Rodolfo Biagi ,Rodolfo Biagi y su Orquesta Típica,4/13/1950,Matala,Tango,Carlos Heredia,Odeon,78rpm,Eduardo Bonessi,Eduardo Bonessi; Julio Bonnet,,50-56 / Duval ,Rodolfo Biagi,Donato Calabrese,"Alfredo Attadia, Miguel Bonano, Ricardo Pedevilla","Marcos Larrosa, Claudio Gonzalez, Oscar de la Fuente"
Rodolfo Biagi ,Rodolfo Biagi y su Orquesta Típica,9/13/1950,Racing Club,Tango,Instrumental,Odeon,78rpm,Vicente Greco,Carlos Pesce,,50-56 / Duval ,Rodolfo Biagi,Donato Calabrese,"Alfredo Attadia, Miguel Bonano, Ricardo Pedevilla","Marcos Larrosa, Claudio Gonzalez, Oscar de la Fuente"
Rodolfo Biagi ,Rodolfo Biagi y su Orquesta Típica,9/13/1950,Serenata Campera,Vals,Hugo Duval,Odeon,78rpm,Feliciano Brunelli,Lito Bayardo,,50-56 / Duval ,Rodolfo Biagi,Donato Calabrese,"Alfredo Attadia, Miguel Bonano, Ricardo Pedevilla","Marcos Larrosa, Claudio Gonzalez, Oscar de la Fuente"
Rodolfo Biagi ,Rodolfo Biagi y su Orquesta Típica,7/30/1951,Bailarina De Tango,Tango,Hugo Duval,Odeon,78rpm,Oscar Fuente,Horacio Sanguinetti,,50-56 / Duval ,Rodolfo Biagi,Donato Calabrese,"Alfredo Attadia, Miguel Bonano, Ricardo Pedevilla","Marcos Larrosa, Claudio Gonzalez, Oscar de la Fuente"
Rodolfo Biagi ,Rodolfo Biagi y su Orquesta Típica,7/30/1951,Caricias,Tango,Carlos Heredia,Odeon,78rpm,Juan Martí,Alfredo Bigeschi,,50-56 / Duval ,Rodolfo Biagi,Donato Calabrese,"Alfredo Attadia, Miguel Bonano, Ricardo Pedevilla","Marcos Larrosa, Claudio Gonzalez, Oscar de la Fuente"
Rodolfo Biagi ,Rodolfo Biagi y su Orquesta Típica,10/4/1951,Adoración,Vals,Hugo Duval y Carlos Heredia,Odeon,78rpm,Ramón Pidoto,Ramón Argüello; Pedro Pidoto,,50-56 / Duval ,Rodolfo Biagi,Donato Calabrese,"Alfredo Attadia, Miguel Bonano, Ricardo Pedevilla","Marcos Larrosa, Claudio Gonzalez, Oscar de la Fuente"
Rodolfo Biagi ,Rodolfo Biagi y su Orquesta Típica,10/4/1951,Por Tener Un Corazón,Tango,Hugo Duval,Odeon,78rpm,Rodolfo Biagi,Francisco Gorrindo,,50-56 / Duval ,Rodolfo Biagi,Donato Calabrese,"Alfredo Attadia, Miguel Bonano, Ricardo Pedevilla","Marcos Larrosa, Claudio Gonzalez, Oscar de la Fuente"
Rodolfo Biagi ,Rodolfo Biagi y su Orquesta Típica,11/5/1952,La Copa Del Olvido,Tango,Hugo Duval,Odeon,Tape,Enrique Delfino,Alberto Vaccarezza,,50-56 / Duval ,Rodolfo Biagi,Donato Calabrese,"Alfredo Attadia, Miguel Bonano, Ricardo Pedevilla","Marcos Larrosa, Claudio Gonzalez, Oscar de la Fuente"
Rodolfo Biagi ,Rodolfo Biagi y su Orquesta Típica,11/5/1952,El Recodo,Tango,Instrumental,Odeon,Tape,Alejandro Junnissi,Armando Tagini,,50-56 / Duval ,Rodolfo Biagi,Donato Calabrese,"Alfredo Attadia, Miguel Bonano, Ricardo Pedevilla","Marcos Larrosa, Claudio Gonzalez, Oscar de la Fuente"
Rodolfo Biagi ,Rodolfo Biagi y su Orquesta Típica,5/19/1953,Y Volvemos A Querernos,Tango,Carlos Heredia,Odeon,Tape,Luciano Leocata,Abel Aznar,,50-56 / Duval ,Rodolfo Biagi,Donato Calabrese,"Alfredo Attadia, Miguel Bonano, Ricardo Pedevilla","Marcos Larrosa, Claudio Gonzalez, Oscar de la Fuente"
Rodolfo Biagi ,Rodolfo Biagi y su Orquesta Típica,5/19/1953,El Internado,Tango,Instrumental,Odeon,Tape,Francisco Canaro,,,50-56 / Duval ,Rodolfo Biagi,Donato Calabrese,"Alfredo Attadia, Miguel Bonano, Ricardo Pedevilla","Marcos Larrosa, Claudio Gonzalez, Oscar de la Fuente"
Rodolfo Biagi ,Rodolfo Biagi y su Orquesta Típica,12/12/1953,Mi Pecadora,Tango,Hugo Duval,Odeon,Tape,Oscar Fuente,Oscar Fuente,,50-56 / Duval ,Rodolfo Biagi,Donato Calabrese,"Alfredo Attadia, Miguel Bonano, Ricardo Pedevilla","Marcos Larrosa, Claudio Gonzalez, Oscar de la Fuente"
Rodolfo Biagi ,Rodolfo Biagi y su Orquesta Típica,12/12/1953,Estás Llorando,Tango,Hugo Duval,Odeon,Tape,Juan Pedernera,Carlos Russo,,50-56 / Duval ,Rodolfo Biagi,Donato Calabrese,"Alfredo Attadia, Miguel Bonano, Ricardo Pedevilla","Marcos Larrosa, Claudio Gonzalez, Oscar de la Fuente"
Rodolfo Biagi ,Rodolfo Biagi y su Orquesta Típica,6/29/1954,Cielito Lindo,Tango,Instrumental,Odeon,Tape,Osvaldo Fresedo,Emilio Fresedo,,50-56 / Duval ,Rodolfo Biagi,Donato Calabrese,"Alfredo Attadia, Miguel Bonano, Ricardo Pedevilla","Marcos Larrosa, Claudio Gonzalez, Oscar de la Fuente"
Rodolfo Biagi ,Rodolfo Biagi y su Orquesta Típica,6/29/1954,Sangre De Mi Sangre,Tango,Hugo Duval,Odeon,Tape,Reinaldo Mañueco,Juan Mañueco; Reinaldo Yiso,,50-56 / Duval ,Rodolfo Biagi,Donato Calabrese,"Alfredo Attadia, Miguel Bonano, Ricardo Pedevilla","Marcos Larrosa, Claudio Gonzalez, Oscar de la Fuente"
Rodolfo Biagi ,Rodolfo Biagi y su Orquesta Típica,12/29/1954,Y No Te Voy A Llorar,Tango,Hugo Duval,Odeon,Tape,Luciano Leocata,Abel Aznar,,50-56 / Duval ,Rodolfo Biagi,Donato Calabrese,"Alfredo Attadia, Miguel Bonano, Ricardo Pedevilla","Marcos Larrosa, Claudio Gonzalez, Oscar de la Fuente"
Rodolfo Biagi ,Rodolfo Biagi y su Orquesta Típica,12/29/1954,No Me Digas Que No,Tango,Hugo Duval,Odeon,Tape,Agustín Bergoto,Carlos Russo,,50-56 / Duval ,Rodolfo Biagi,Donato Calabrese,"Alfredo Attadia, Miguel Bonano, Ricardo Pedevilla","Marcos Larrosa, Claudio Gonzalez, Oscar de la Fuente"
Rodolfo Biagi ,Rodolfo Biagi y su Orquesta Típica,4/11/1955,Triste Comedia,Tango,Hugo Duval,Odeon,Tape,Héctor Stamponi,Oscar Rubens,,50-56 / Duval ,Rodolfo Biagi,Donato Calabrese,"Alfredo Attadia, Miguel Bonano, Ricardo Pedevilla","Marcos Larrosa, Claudio Gonzalez, Oscar de la Fuente"
Rodolfo Biagi ,Rodolfo Biagi y su Orquesta Típica,4/11/1955,Santa Milonguita,Tango,Hugo Duval,Odeon,Tape,Enrique Delfino,Enrique Cadícamo,,50-56 / Duval ,Rodolfo Biagi,Donato Calabrese,"Alfredo Attadia, Miguel Bonano, Ricardo Pedevilla","Marcos Larrosa, Claudio Gonzalez, Oscar de la Fuente"
Rodolfo Biagi ,Rodolfo Biagi y su Orquesta Típica,3/24/1956,Organito De La Tarde,Tango,Instrumental,Odeon,Tape,Cátulo Castillo,José Castillo,,50-56 / Duval ,Rodolfo Biagi,Donato Calabrese,"Alfredo Attadia, Miguel Bonano, Ricardo Pedevilla","Marcos Larrosa, Claudio Gonzalez, Oscar de la Fuente"
Rodolfo Biagi ,Rodolfo Biagi y su Orquesta Típica,3/24/1956,Alguien,Tango,Hugo Duval,Odeon,Tape,Héctor Stamponi,Eugenio Majul,,50-56 / Duval ,Rodolfo Biagi,Donato Calabrese,"Alfredo Attadia, Miguel Bonano, Ricardo Pedevilla","Marcos Larrosa, Claudio Gonzalez, Oscar de la Fuente"
Rodolfo Biagi ,Rodolfo Biagi y su Orquesta Típica,8/28/1956,El Carrerito,Tango,Hugo Duval,Columbia,Tape,Raúl Hoyos,Alberto Vaccarezza,,56-61 / Columbia  ,Rodolfo Biagi,Donato Calabrese,"Juan Migliore, Carlos Vandemberg, Agustin Bergato, Luis Maggiolo, Juan Kujta","Adolfo Muzzi, Oscar de la Fuente, Oscar de la Fuente, Naum Klotzman, Cayetano Nostro"
Rodolfo Biagi ,Rodolfo Biagi y su Orquesta Típica,8/28/1956,Ramona,Vals,Hugo Duval,Columbia,Tape,Mabel Wayne,Enrique Cadícamo,,56-61 / Columbia  ,Rodolfo Biagi,Donato Calabrese,"Juan Migliore, Carlos Vandemberg, Agustin Bergato, Luis Maggiolo, Juan Kujta","Adolfo Muzzi, Oscar de la Fuente, Oscar de la Fuente, Naum Klotzman, Cayetano Nostro"
Rodolfo Biagi ,Rodolfo Biagi y su Orquesta Típica,1/9/1957,Soñemos,Tango,Hugo Duval,Columbia,Tape,Roberto Yiso,Roberto Caló; Roberto Rufino; Reinaldo Yiso,,56-61 / Columbia  ,Rodolfo Biagi,Donato Calabrese,"Juan Migliore, Carlos Vandemberg, Agustin Bergato, Luis Maggiolo, Juan Kujta","Adolfo Muzzi, Oscar de la Fuente, Oscar de la Fuente, Naum Klotzman, Cayetano Nostro"
Rodolfo Biagi ,Rodolfo Biagi y su Orquesta Típica,1/9/1957,Mi Vida En Tus Manos,Tango,Hugo Duval,Columbia,Tape,Oscar Fuente,Oscar Fuente,,56-61 / Columbia  ,Rodolfo Biagi,Donato Calabrese,"Juan Migliore, Carlos Vandemberg, Agustin Bergato, Luis Maggiolo, Juan Kujta","Adolfo Muzzi, Oscar de la Fuente, Oscar de la Fuente, Naum Klotzman, Cayetano Nostro"
Rodolfo Biagi ,Rodolfo Biagi y su Orquesta Típica,5/24/1957,Espérame En El Cielo,Tango,Hugo Duval,Columbia,Tape,Francisco López,Francisco López,,56-61 / Columbia  ,Rodolfo Biagi,Donato Calabrese,"Juan Migliore, Carlos Vandemberg, Agustin Bergato, Luis Maggiolo, Juan Kujta","Adolfo Muzzi, Oscar de la Fuente, Oscar de la Fuente, Naum Klotzman, Cayetano Nostro"
Rodolfo Biagi ,Rodolfo Biagi y su Orquesta Típica,5/24/1957,Solamente Dios Y Yo,Tango,Hugo Duval,Columbia,Tape,Manuel Rosas,Juan Magliere,,56-61 / Columbia  ,Rodolfo Biagi,Donato Calabrese,"Juan Migliore, Carlos Vandemberg, Agustin Bergato, Luis Maggiolo, Juan Kujta","Adolfo Muzzi, Oscar de la Fuente, Oscar de la Fuente, Naum Klotzman, Cayetano Nostro"
Rodolfo Biagi ,Rodolfo Biagi y su Orquesta Típica,9/9/1958,Aquí En La Tierra,Tango,Hugo Duval,Columbia,Tape,Enrique Munné,Carlos Bahr,,56-61 / Columbia  ,Rodolfo Biagi,Donato Calabrese,"Juan Migliore, Carlos Vandemberg, Agustin Bergato, Luis Maggiolo, Juan Kujta","Adolfo Muzzi, Oscar de la Fuente, Oscar de la Fuente, Naum Klotzman, Cayetano Nostro"
Rodolfo Biagi ,Rodolfo Biagi y su Orquesta Típica,9/9/1958,Como En Un Cuento,Vals,Hugo Duval,Columbia,Tape,Rodolfo Biagi,Carlos Bahr,,56-61 / Columbia  ,Rodolfo Biagi,Donato Calabrese,"Juan Migliore, Carlos Vandemberg, Agustin Bergato, Luis Maggiolo, Juan Kujta","Adolfo Muzzi, Oscar de la Fuente, Oscar de la Fuente, Naum Klotzman, Cayetano Nostro"
Rodolfo Biagi ,Rodolfo Biagi y su Orquesta Típica,11/12/1958,Amor Mío,Tango,Hugo Duval,Columbia,Tape,José Suñé,Carlos Bahr,,56-61 / Columbia  ,Rodolfo Biagi,Donato Calabrese,"Juan Migliore, Carlos Vandemberg, Agustin Bergato, Luis Maggiolo, Juan Kujta","Adolfo Muzzi, Oscar de la Fuente, Oscar de la Fuente, Naum Klotzman, Cayetano Nostro"
Rodolfo Biagi ,Rodolfo Biagi y su Orquesta Típica,11/12/1958,Todo Es Amor,Tango,Hugo Duval,Columbia,Tape,Leo Lipesker,Alejandro Romay,,56-61 / Columbia  ,Rodolfo Biagi,Donato Calabrese,"Juan Migliore, Carlos Vandemberg, Agustin Bergato, Luis Maggiolo, Juan Kujta","Adolfo Muzzi, Oscar de la Fuente, Oscar de la Fuente, Naum Klotzman, Cayetano Nostro"
Rodolfo Biagi ,Rodolfo Biagi y su Orquesta Típica,3/6/1959,En El Lago Azul,Tango,Hugo Duval,Columbia,Tape,Roberto Rufino,Alejandro Romay,,56-61 / Columbia  ,Rodolfo Biagi,Donato Calabrese,"Juan Migliore, Carlos Vandemberg, Agustin Bergato, Luis Maggiolo, Juan Kujta","Adolfo Muzzi, Oscar de la Fuente, Oscar de la Fuente, Naum Klotzman, Cayetano Nostro"
Rodolfo Biagi ,Rodolfo Biagi y su Orquesta Típica,3/6/1959,Mi Alondra,Tango,Hugo Duval,Columbia,Tape,Oscar Fuente,Oscar Fuente,,56-61 / Columbia  ,Rodolfo Biagi,Donato Calabrese,"Juan Migliore, Carlos Vandemberg, Agustin Bergato, Luis Maggiolo, Juan Kujta","Adolfo Muzzi, Oscar de la Fuente, Oscar de la Fuente, Naum Klotzman, Cayetano Nostro"
Rodolfo Biagi ,Rodolfo Biagi y su Orquesta Típica,9/16/1959,La Canción,Tango,Hugo Duval,Columbia,Tape,Juan Filiberto,Lito Bayardo,,56-61 / Columbia  ,Rodolfo Biagi,Donato Calabrese,"Juan Migliore, Carlos Vandemberg, Agustin Bergato, Luis Maggiolo, Juan Kujta","Adolfo Muzzi, Oscar de la Fuente, Oscar de la Fuente, Naum Klotzman, Cayetano Nostro"
Rodolfo Biagi ,Rodolfo Biagi y su Orquesta Típica,9/16/1959,Oh Mama Mía,Tango,Hugo Duval,Columbia,Tape,Rodolfo Biagi,Carlos Marín,,56-61 / Columbia  ,Rodolfo Biagi,Donato Calabrese,"Juan Migliore, Carlos Vandemberg, Agustin Bergato, Luis Maggiolo, Juan Kujta","Adolfo Muzzi, Oscar de la Fuente, Oscar de la Fuente, Naum Klotzman, Cayetano Nostro"
Rodolfo Biagi ,Rodolfo Biagi y su Orquesta Típica,7/20/1960,Te Burlas Tristeza,Tango,Hugo Duval,Columbia,Tape,Edmundo Baya,Julio Curi,,56-61 / Columbia  ,Rodolfo Biagi,Donato Calabrese,"Juan Migliore, Carlos Vandemberg, Agustin Bergato, Luis Maggiolo, Juan Kujta","Adolfo Muzzi, Oscar de la Fuente, Oscar de la Fuente, Naum Klotzman, Cayetano Nostro"
Rodolfo Biagi ,Rodolfo Biagi y su Orquesta Típica,7/20/1960,Ayúdame,Tango,Hugo Duval,Columbia,Tape,Leo Lipesker,Alejandro Romay,,56-61 / Columbia  ,Rodolfo Biagi,Donato Calabrese,"Juan Migliore, Carlos Vandemberg, Agustin Bergato, Luis Maggiolo, Juan Kujta","Adolfo Muzzi, Oscar de la Fuente, Oscar de la Fuente, Naum Klotzman, Cayetano Nostro"
Rodolfo Biagi ,Rodolfo Biagi y su Orquesta Típica,8/7/1961,Andrajos,Tango,Hugo Duval,Columbia,Tape,Enrique Discépolo,Alberto Martínez,,56-61 / Columbia  ,Rodolfo Biagi,Donato Calabrese,"Juan Migliore, Carlos Vandemberg, Agustin Bergato, Luis Maggiolo, Juan Kujta","Adolfo Muzzi, Oscar de la Fuente, Oscar de la Fuente, Naum Klotzman, Cayetano Nostro"
Rodolfo Biagi ,Rodolfo Biagi y su Orquesta Típica,8/7/1961,Venus,Tango,Instrumental,Columbia,Tape,Alfredo Bevilacqua,,,56-61 / Columbia  ,Rodolfo Biagi,Donato Calabrese,"Juan Migliore, Carlos Vandemberg, Agustin Bergato, Luis Maggiolo, Juan Kujta","Adolfo Muzzi, Oscar de la Fuente, Oscar de la Fuente, Naum Klotzman, Cayetano Nostro"
Rodolfo Biagi ,Rodolfo Biagi y su Orquesta Típica,10/4/1961,Canción Para Un Cariño,Tango,Hugo Duval,Columbia,Tape,Luis Maggiolo,Reinaldo Yiso,,56-61 / Columbia  ,Rodolfo Biagi,Donato Calabrese,"Juan Migliore, Carlos Vandemberg, Agustin Bergato, Luis Maggiolo, Juan Kujta","Adolfo Muzzi, Oscar de la Fuente, Oscar de la Fuente, Naum Klotzman, Cayetano Nostro"
Rodolfo Biagi ,Rodolfo Biagi y su Orquesta Típica,10/4/1961,Bar Exposición,Tango,Instrumental,Columbia,Tape,Luis Teisseire,,,56-61 / Columbia  ,Rodolfo Biagi,Donato Calabrese,"Juan Migliore, Carlos Vandemberg, Agustin Bergato, Luis Maggiolo, Juan Kujta","Adolfo Muzzi, Oscar de la Fuente, Oscar de la Fuente, Naum Klotzman, Cayetano Nostro"
Rodolfo Biagi ,Rodolfo Biagi y su Orquesta Típica,1962,Amor De Verano,Tango,Hugo Duval,Music-Hall,Tape,Luis Stazo,Federico Silva,,62-66 / Music-Hall ,Rodolfo Biagi,Donato Calabrese,"Juan Migliore, Carlos Vandemberg, Agustin Bergato, Luis Maggiolo, Juan Kujta","Adolfo Muzzi, Oscar de la Fuente, Oscar de la Fuente, Naum Klotzman, Cayetano Nostro"
Rodolfo Biagi ,Rodolfo Biagi y su Orquesta Típica,1962,Canaro,Tango,Instrumental,Music-Hall,Tape,José Martínez,,,62-66 / Music-Hall ,Rodolfo Biagi,Donato Calabrese,"Juan Migliore, Carlos Vandemberg, Agustin Bergato, Luis Maggiolo, Juan Kujta","Adolfo Muzzi, Oscar de la Fuente, Oscar de la Fuente, Naum Klotzman, Cayetano Nostro"
Rodolfo Biagi ,Rodolfo Biagi y su Orquesta Típica,1962,Con Un Silbido En Los Labios,Tango,Carlos Almagro,Music-Hall,Tape,Víctor Ribero,Enrique Gaudino,,62-66 / Music-Hall ,Rodolfo Biagi,Donato Calabrese,"Juan Migliore, Carlos Vandemberg, Agustin Bergato, Luis Maggiolo, Juan Kujta","Adolfo Muzzi, Oscar de la Fuente, Oscar de la Fuente, Naum Klotzman, Cayetano Nostro"
Rodolfo Biagi ,Rodolfo Biagi y su Orquesta Típica,1962,Duerme Mi Niña,Tango,Carlos Almagro,Music-Hall,Tape,Mario Canaro,Víctor Prestipino,,62-66 / Music-Hall ,Rodolfo Biagi,Donato Calabrese,"Juan Migliore, Carlos Vandemberg, Agustin Bergato, Luis Maggiolo, Juan Kujta","Adolfo Muzzi, Oscar de la Fuente, Oscar de la Fuente, Naum Klotzman, Cayetano Nostro"
Rodolfo Biagi ,Rodolfo Biagi y su Orquesta Típica,1962,La Tablada,Tango,Instrumental,Music-Hall,Tape,Francisco Canaro,,,62-66 / Music-Hall ,Rodolfo Biagi,Donato Calabrese,"Juan Migliore, Carlos Vandemberg, Agustin Bergato, Luis Maggiolo, Juan Kujta","Adolfo Muzzi, Oscar de la Fuente, Oscar de la Fuente, Naum Klotzman, Cayetano Nostro"
Rodolfo Biagi ,Rodolfo Biagi y su Orquesta Típica,1962,Mariposita,Tango,Hugo Duval,Music-Hall,Tape,Anselmo Aieta,Francisco Jiménez,,62-66 / Music-Hall ,Rodolfo Biagi,Donato Calabrese,"Juan Migliore, Carlos Vandemberg, Agustin Bergato, Luis Maggiolo, Juan Kujta","Adolfo Muzzi, Oscar de la Fuente, Oscar de la Fuente, Naum Klotzman, Cayetano Nostro"
Rodolfo Biagi ,Rodolfo Biagi y su Orquesta Típica,1962,Milonga Con Variaciónes,Tango,Instrumental,Music-Hall,Tape,Francisco Canaro,,,62-66 / Music-Hall ,Rodolfo Biagi,Donato Calabrese,"Juan Migliore, Carlos Vandemberg, Agustin Bergato, Luis Maggiolo, Juan Kujta","Adolfo Muzzi, Oscar de la Fuente, Oscar de la Fuente, Naum Klotzman, Cayetano Nostro"
Rodolfo Biagi ,Rodolfo Biagi y su Orquesta Típica,1962,Si No Estuvieras Tú,Tango,Carlos Almagro,Music-Hall,Tape,Leo Lipesker,Víctor Braña,,62-66 / Music-Hall ,Rodolfo Biagi,Donato Calabrese,"Juan Migliore, Carlos Vandemberg, Agustin Bergato, Luis Maggiolo, Juan Kujta","Adolfo Muzzi, Oscar de la Fuente, Oscar de la Fuente, Naum Klotzman, Cayetano Nostro"
Rodolfo Biagi ,Rodolfo Biagi y su Orquesta Típica,1962,¿Y A Mi Qué?,Tango,Carlos Almagro,Music-Hall,Tape,Aníbal Troilo,Cátulo Castillo,,62-66 / Music-Hall ,Rodolfo Biagi,Donato Calabrese,"Juan Migliore, Carlos Vandemberg, Agustin Bergato, Luis Maggiolo, Juan Kujta","Adolfo Muzzi, Oscar de la Fuente, Oscar de la Fuente, Naum Klotzman, Cayetano Nostro"
Rodolfo Biagi ,Rodolfo Biagi y su Orquesta Típica,1966,Arriba Jara,Tango,Hugo Duval,Music Hall,Tape,Héctor Marcó,,,62-66 / Music-Hall ,Rodolfo Biagi,Donato Calabrese,"Juan Migliore, Carlos Vandemberg, Agustin Bergato, Luis Maggiolo, Juan Kujta","Adolfo Muzzi, Oscar de la Fuente, Oscar de la Fuente, Naum Klotzman, Cayetano Nostro"
Rodolfo Biagi ,Rodolfo Biagi y su Orquesta Típica,1966,Estrella,Tango,Hugo Duval,Music Hall,Tape,Roberto Cassinelli; Marcelino Hernández,,,62-66 / Music-Hall ,Rodolfo Biagi,Donato Calabrese,"Juan Migliore, Carlos Vandemberg, Agustin Bergato, Luis Maggiolo, Juan Kujta","Adolfo Muzzi, Oscar de la Fuente, Oscar de la Fuente, Naum Klotzman, Cayetano Nostro"
Rodolfo Biagi ,Rodolfo Biagi y su Orquesta Típica,1966,Palermo,Tango,Carlos Almagro,Music Hall,Tape,Enrique Delfino,,,62-66 / Music-Hall ,Rodolfo Biagi,Donato Calabrese,"Juan Migliore, Carlos Vandemberg, Agustin Bergato, Luis Maggiolo, Juan Kujta","Adolfo Muzzi, Oscar de la Fuente, Oscar de la Fuente, Naum Klotzman, Cayetano Nostro"
